generation,genome_idx,fitness,n_hidden,gene_in,gene_out,weight,enabled,innov
41,0,2465.3833333333337,3,0,11,-0.859609,0,1
41,0,2465.3833333333337,3,0,12,-1.910212,1,2
41,0,2465.3833333333337,3,0,13,-1.518371,1,3
41,0,2465.3833333333337,3,1,11,1.770187,1,4
41,0,2465.3833333333337,3,1,12,-0.692786,1,5
41,0,2465.3833333333337,3,1,13,-0.575705,1,6
41,0,2465.3833333333337,3,2,11,0.457600,1,7
41,0,2465.3833333333337,3,2,12,-0.141379,1,8
41,0,2465.3833333333337,3,2,13,0.489544,1,9
41,0,2465.3833333333337,3,3,11,2.405860,1,10
41,0,2465.3833333333337,3,3,12,-0.198131,1,11
41,0,2465.3833333333337,3,3,13,-0.366905,1,12
41,0,2465.3833333333337,3,4,11,0.083157,1,13
41,0,2465.3833333333337,3,4,12,-1.951859,1,14
41,0,2465.3833333333337,3,4,13,2.680486,1,15
41,0,2465.3833333333337,3,5,11,-0.348335,1,16
41,0,2465.3833333333337,3,5,12,0.491194,1,17
41,0,2465.3833333333337,3,5,13,2.405397,1,18
41,0,2465.3833333333337,3,6,11,-0.552793,1,19
41,0,2465.3833333333337,3,6,12,-0.845930,1,20
41,0,2465.3833333333337,3,6,13,0.233822,1,21
41,0,2465.3833333333337,3,7,11,1.471233,1,22
41,0,2465.3833333333337,3,7,12,-0.380660,1,23
41,0,2465.3833333333337,3,7,13,-1.152330,1,24
41,0,2465.3833333333337,3,8,11,-1.553869,1,25
41,0,2465.3833333333337,3,8,12,0.351468,1,26
41,0,2465.3833333333337,3,8,13,2.349092,1,27
41,0,2465.3833333333337,3,9,11,1.012558,1,28
41,0,2465.3833333333337,3,9,12,0.494998,1,29
41,0,2465.3833333333337,3,9,13,0.071217,1,30
41,0,2465.3833333333337,3,10,11,-1.447095,1,31
41,0,2465.3833333333337,3,10,12,-0.233025,1,32
41,0,2465.3833333333337,3,10,13,-0.243533,0,33
41,0,2465.3833333333337,3,0,14,-1.535856,0,147
41,0,2465.3833333333337,3,14,11,-0.072864,1,148
41,0,2465.3833333333337,3,0,15,0.606225,1,36
41,0,2465.3833333333337,3,15,14,0.901941,1,37
41,0,2465.3833333333337,3,10,16,0.500805,1,63
41,0,2465.3833333333337,3,16,13,0.375329,1,64
41,1,397.6833333333334,3,0,11,-0.722050,0,1
41,1,397.6833333333334,3,0,12,-0.143496,1,2
41,1,397.6833333333334,3,0,13,-0.027077,1,3
41,1,397.6833333333334,3,1,11,1.470406,1,4
41,1,397.6833333333334,3,1,12,-2.207415,1,5
41,1,397.6833333333334,3,1,13,0.084466,1,6
41,1,397.6833333333334,3,2,11,0.521181,1,7
41,1,397.6833333333334,3,2,12,0.268856,1,8
41,1,397.6833333333334,3,2,13,0.512015,1,9
41,1,397.6833333333334,3,3,11,2.309020,1,10
41,1,397.6833333333334,3,3,12,-1.227860,1,11
41,1,397.6833333333334,3,3,13,-1.272501,1,12
41,1,397.6833333333334,3,4,11,-0.324574,1,13
41,1,397.6833333333334,3,4,12,-1.720570,1,14
41,1,397.6833333333334,3,4,13,2.494984,1,15
41,1,397.6833333333334,3,5,11,-0.347055,1,16
41,1,397.6833333333334,3,5,12,0.607201,1,17
41,1,397.6833333333334,3,5,13,1.362238,1,18
41,1,397.6833333333334,3,6,11,-0.904426,1,19
41,1,397.6833333333334,3,6,12,-0.830968,1,20
41,1,397.6833333333334,3,6,13,1.290393,1,21
41,1,397.6833333333334,3,7,11,1.951575,1,22
41,1,397.6833333333334,3,7,12,-0.426957,1,23
41,1,397.6833333333334,3,7,13,-1.853957,1,24
41,1,397.6833333333334,3,8,11,0.986695,1,25
41,1,397.6833333333334,3,8,12,0.248597,1,26
41,1,397.6833333333334,3,8,13,2.339876,1,27
41,1,397.6833333333334,3,9,11,0.772460,1,28
41,1,397.6833333333334,3,9,12,0.086700,1,29
41,1,397.6833333333334,3,9,13,0.104982,1,30
41,1,397.6833333333334,3,10,11,-1.523785,1,31
41,1,397.6833333333334,3,10,12,0.089238,1,32
41,1,397.6833333333334,3,10,13,-0.837961,0,33
41,1,397.6833333333334,3,0,14,-2.584886,0,147
41,1,397.6833333333334,3,14,11,0.064698,1,148
41,1,397.6833333333334,3,0,15,0.224791,1,36
41,1,397.6833333333334,3,15,14,1.084147,1,37
41,1,397.6833333333334,3,10,16,1.379966,1,63
41,1,397.6833333333334,3,16,13,0.507633,1,64
41,2,2385.383333333333,3,0,11,-0.704594,0,1
41,2,2385.383333333333,3,0,12,0.165974,1,2
41,2,2385.383333333333,3,0,13,-0.812592,1,3
41,2,2385.383333333333,3,1,11,1.673354,1,4
41,2,2385.383333333333,3,1,12,-1.167683,1,5
41,2,2385.383333333333,3,1,13,-1.287152,1,6
41,2,2385.383333333333,3,2,11,1.156610,1,7
41,2,2385.383333333333,3,2,12,-0.455068,1,8
41,2,2385.383333333333,3,2,13,0.656344,1,9
41,2,2385.383333333333,3,3,11,2.370449,1,10
41,2,2385.383333333333,3,3,12,-0.766252,1,11
41,2,2385.383333333333,3,3,13,-0.019289,1,12
41,2,2385.383333333333,3,4,11,-0.064359,1,13
41,2,2385.383333333333,3,4,12,-1.431187,1,14
41,2,2385.383333333333,3,4,13,2.770794,1,15
41,2,2385.383333333333,3,5,11,-0.628431,1,16
41,2,2385.383333333333,3,5,12,0.062616,1,17
41,2,2385.383333333333,3,5,13,1.621386,1,18
41,2,2385.383333333333,3,6,11,-0.670578,1,19
41,2,2385.383333333333,3,6,12,-0.499365,1,20
41,2,2385.383333333333,3,6,13,1.223749,1,21
41,2,2385.383333333333,3,7,11,-1.440875,1,22
41,2,2385.383333333333,3,7,12,0.428846,1,23
41,2,2385.383333333333,3,7,13,-1.050485,1,24
41,2,2385.383333333333,3,8,11,-0.019474,1,25
41,2,2385.383333333333,3,8,12,-0.257422,1,26
41,2,2385.383333333333,3,8,13,2.117956,1,27
41,2,2385.383333333333,3,9,11,0.528266,1,28
41,2,2385.383333333333,3,9,12,0.105855,1,29
41,2,2385.383333333333,3,9,13,-0.395465,1,30
41,2,2385.383333333333,3,10,11,-1.694124,1,31
41,2,2385.383333333333,3,10,12,-0.078513,1,32
41,2,2385.383333333333,3,10,13,0.134094,0,33
41,2,2385.383333333333,3,0,14,-1.298231,0,147
41,2,2385.383333333333,3,14,11,0.255963,1,148
41,2,2385.383333333333,3,0,15,0.870169,1,36
41,2,2385.383333333333,3,15,14,1.185878,1,37
41,2,2385.383333333333,3,10,16,1.449078,1,63
41,2,2385.383333333333,3,16,13,0.139136,1,64
41,3,2464.9500000000003,3,0,11,-1.626648,0,1
41,3,2464.9500000000003,3,0,12,-2.108469,1,2
41,3,2464.9500000000003,3,0,13,1.554364,1,3
41,3,2464.9500000000003,3,1,11,1.166683,1,4
41,3,2464.9500000000003,3,1,12,-1.748867,1,5
41,3,2464.9500000000003,3,1,13,-0.833118,1,6
41,3,2464.9500000000003,3,2,11,1.668250,1,7
41,3,2464.9500000000003,3,2,12,-0.921511,1,8
41,3,2464.9500000000003,3,2,13,0.043206,1,9
41,3,2464.9500000000003,3,3,11,2.164124,1,10
41,3,2464.9500000000003,3,3,12,-0.753287,1,11
41,3,2464.9500000000003,3,3,13,-0.122511,1,12
41,3,2464.9500000000003,3,4,11,-0.755372,1,13
41,3,2464.9500000000003,3,4,12,-1.382759,1,14
41,3,2464.9500000000003,3,4,13,2.462725,1,15
41,3,2464.9500000000003,3,5,11,-0.248082,1,16
41,3,2464.9500000000003,3,5,12,0.891217,1,17
41,3,2464.9500000000003,3,5,13,2.460249,1,18
41,3,2464.9500000000003,3,6,11,-0.875557,1,19
41,3,2464.9500000000003,3,6,12,-0.716602,1,20
41,3,2464.9500000000003,3,6,13,-0.703523,1,21
41,3,2464.9500000000003,3,7,11,-0.728411,1,22
41,3,2464.9500000000003,3,7,12,0.037578,1,23
41,3,2464.9500000000003,3,7,13,-1.971606,1,24
41,3,2464.9500000000003,3,8,11,0.282149,1,25
41,3,2464.9500000000003,3,8,12,0.094193,1,26
41,3,2464.9500000000003,3,8,13,2.928653,1,27
41,3,2464.9500000000003,3,9,11,-1.492106,1,28
41,3,2464.9500000000003,3,9,12,0.450574,1,29
41,3,2464.9500000000003,3,9,13,2.086533,1,30
41,3,2464.9500000000003,3,10,11,-1.073336,1,31
41,3,2464.9500000000003,3,10,12,-0.222524,1,32
41,3,2464.9500000000003,3,10,13,0.685847,0,33
41,3,2464.9500000000003,3,0,14,-1.282184,0,147
41,3,2464.9500000000003,3,14,11,0.688017,1,148
41,3,2464.9500000000003,3,0,15,0.390257,1,36
41,3,2464.9500000000003,3,15,14,0.954257,1,37
41,3,2464.9500000000003,3,10,16,0.341229,1,63
41,3,2464.9500000000003,3,16,13,-0.501268,1,64
41,4,2465.2833333333333,3,0,11,-2.020878,0,1
41,4,2465.2833333333333,3,0,12,-1.922318,1,2
41,4,2465.2833333333333,3,0,13,-0.944606,1,3
41,4,2465.2833333333333,3,1,11,1.756929,1,4
41,4,2465.2833333333333,3,1,12,-1.610884,1,5
41,4,2465.2833333333333,3,1,13,-1.058643,1,6
41,4,2465.2833333333333,3,2,11,1.022579,1,7
41,4,2465.2833333333333,3,2,12,-0.062363,1,8
41,4,2465.2833333333333,3,2,13,0.382261,1,9
41,4,2465.2833333333333,3,3,11,0.726765,1,10
41,4,2465.2833333333333,3,3,12,-1.733535,1,11
41,4,2465.2833333333333,3,3,13,-0.247866,1,12
41,4,2465.2833333333333,3,4,11,-0.356233,1,13
41,4,2465.2833333333333,3,4,12,-1.378111,1,14
41,4,2465.2833333333333,3,4,13,1.755462,1,15
41,4,2465.2833333333333,3,5,11,-0.120257,1,16
41,4,2465.2833333333333,3,5,12,0.794024,1,17
41,4,2465.2833333333333,3,5,13,-0.089425,1,18
41,4,2465.2833333333333,3,6,11,-0.506847,1,19
41,4,2465.2833333333333,3,6,12,1.180928,1,20
41,4,2465.2833333333333,3,6,13,1.832764,1,21
41,4,2465.2833333333333,3,7,11,-1.316406,1,22
41,4,2465.2833333333333,3,7,12,-0.763936,1,23
41,4,2465.2833333333333,3,7,13,-1.870414,1,24
41,4,2465.2833333333333,3,8,11,0.072015,1,25
41,4,2465.2833333333333,3,8,12,-0.386885,1,26
41,4,2465.2833333333333,3,8,13,2.018055,1,27
41,4,2465.2833333333333,3,9,11,1.138918,1,28
41,4,2465.2833333333333,3,9,12,0.042591,1,29
41,4,2465.2833333333333,3,9,13,-0.182164,1,30
41,4,2465.2833333333333,3,10,11,-0.698195,1,31
41,4,2465.2833333333333,3,10,12,-0.039438,1,32
41,4,2465.2833333333333,3,10,13,-0.402488,0,33
41,4,2465.2833333333333,3,0,14,-0.195520,0,147
41,4,2465.2833333333333,3,14,11,-1.095760,1,148
41,4,2465.2833333333333,3,0,15,0.423015,1,36
41,4,2465.2833333333333,3,15,14,0.229588,1,37
41,4,2465.2833333333333,3,10,16,-1.329729,1,63
41,4,2465.2833333333333,3,16,13,0.281427,1,64
41,5,795.3666666666666,3,0,11,-1.148103,0,1
41,5,795.3666666666666,3,0,12,-2.036824,1,2
41,5,795.3666666666666,3,0,13,0.282533,1,3
41,5,795.3666666666666,3,1,11,1.610816,1,4
41,5,795.3666666666666,3,1,12,0.221067,1,5
41,5,795.3666666666666,3,1,13,0.223636,1,6
41,5,795.3666666666666,3,2,11,0.428691,1,7
41,5,795.3666666666666,3,2,12,0.844543,1,8
41,5,795.3666666666666,3,2,13,0.711927,1,9
41,5,795.3666666666666,3,3,11,2.759183,1,10
41,5,795.3666666666666,3,3,12,-1.805863,1,11
41,5,795.3666666666666,3,3,13,-0.475753,1,12
41,5,795.3666666666666,3,4,11,0.333599,1,13
41,5,795.3666666666666,3,4,12,-1.723770,1,14
41,5,795.3666666666666,3,4,13,2.925672,1,15
41,5,795.3666666666666,3,5,11,1.808916,1,16
41,5,795.3666666666666,3,5,12,0.208408,1,17
41,5,795.3666666666666,3,5,13,2.109135,1,18
41,5,795.3666666666666,3,6,11,-0.630716,1,19
41,5,795.3666666666666,3,6,12,-0.910661,1,20
41,5,795.3666666666666,3,6,13,0.328106,1,21
41,5,795.3666666666666,3,7,11,1.873801,1,22
41,5,795.3666666666666,3,7,12,-0.511512,1,23
41,5,795.3666666666666,3,7,13,-1.654387,1,24
41,5,795.3666666666666,3,8,11,-1.559508,1,25
41,5,795.3666666666666,3,8,12,-0.181099,1,26
41,5,795.3666666666666,3,8,13,0.563904,1,27
41,5,795.3666666666666,3,9,11,0.930444,1,28
41,5,795.3666666666666,3,9,12,0.532270,1,29
41,5,795.3666666666666,3,9,13,0.363596,1,30
41,5,795.3666666666666,3,10,11,-1.160887,1,31
41,5,795.3666666666666,3,10,12,-0.423127,1,32
41,5,795.3666666666666,3,10,13,-0.486996,0,33
41,5,795.3666666666666,3,0,14,-1.523536,0,147
41,5,795.3666666666666,3,14,11,-1.332664,1,148
41,5,795.3666666666666,3,0,15,0.186708,1,36
41,5,795.3666666666666,3,15,14,0.755820,1,37
41,5,795.3666666666666,3,10,16,0.756795,1,63
41,5,795.3666666666666,3,16,13,-1.476485,1,64
41,6,2464.9500000000003,3,0,11,-1.643327,0,1
41,6,2464.9500000000003,3,0,12,-1.919424,1,2
41,6,2464.9500000000003,3,0,13,1.823935,1,3
41,6,2464.9500000000003,3,1,11,1.148069,1,4
41,6,2464.9500000000003,3,1,12,-1.933767,1,5
41,6,2464.9500000000003,3,1,13,-0.736215,1,6
41,6,2464.9500000000003,3,2,11,1.384602,1,7
41,6,2464.9500000000003,3,2,12,0.001132,1,8
41,6,2464.9500000000003,3,2,13,-0.519698,1,9
41,6,2464.9500000000003,3,3,11,0.357191,1,10
41,6,2464.9500000000003,3,3,12,-1.048770,1,11
41,6,2464.9500000000003,3,3,13,-0.439551,1,12
41,6,2464.9500000000003,3,4,11,-0.712548,1,13
41,6,2464.9500000000003,3,4,12,-1.388170,1,14
41,6,2464.9500000000003,3,4,13,2.081191,1,15
41,6,2464.9500000000003,3,5,11,-0.388219,1,16
41,6,2464.9500000000003,3,5,12,1.228518,1,17
41,6,2464.9500000000003,3,5,13,2.068719,1,18
41,6,2464.9500000000003,3,6,11,-0.737031,1,19
41,6,2464.9500000000003,3,6,12,-0.247014,1,20
41,6,2464.9500000000003,3,6,13,-0.366624,1,21
41,6,2464.9500000000003,3,7,11,-0.767268,1,22
41,6,2464.9500000000003,3,7,12,0.589305,1,23
41,6,2464.9500000000003,3,7,13,-1.358936,1,24
41,6,2464.9500000000003,3,8,11,0.524553,1,25
41,6,2464.9500000000003,3,8,12,0.091073,1,26
41,6,2464.9500000000003,3,8,13,2.777038,1,27
41,6,2464.9500000000003,3,9,11,0.708697,1,28
41,6,2464.9500000000003,3,9,12,1.109148,1,29
41,6,2464.9500000000003,3,9,13,-0.131607,1,30
41,6,2464.9500000000003,3,10,11,-1.225418,1,31
41,6,2464.9500000000003,3,10,12,-0.282579,1,32
41,6,2464.9500000000003,3,10,13,0.335908,0,33
41,6,2464.9500000000003,3,0,14,-1.166288,0,147
41,6,2464.9500000000003,3,14,11,0.869034,1,148
41,6,2464.9500000000003,3,0,15,0.415027,1,36
41,6,2464.9500000000003,3,15,14,0.344182,1,37
41,6,2464.9500000000003,3,10,16,0.434536,1,63
41,6,2464.9500000000003,3,16,13,0.044267,1,64
41,7,2465.2833333333333,3,0,11,-0.877476,0,1
41,7,2465.2833333333333,3,0,12,-0.607837,1,2
41,7,2465.2833333333333,3,0,13,-0.545075,1,3
41,7,2465.2833333333333,3,1,11,-1.194038,1,4
41,7,2465.2833333333333,3,1,12,-1.738757,1,5
41,7,2465.2833333333333,3,1,13,-1.242832,1,6
41,7,2465.2833333333333,3,2,11,-0.243385,1,7
41,7,2465.2833333333333,3,2,12,0.394002,1,8
41,7,2465.2833333333333,3,2,13,0.712150,1,9
41,7,2465.2833333333333,3,3,11,2.443201,1,10
41,7,2465.2833333333333,3,3,12,-0.669437,1,11
41,7,2465.2833333333333,3,3,13,-0.313800,1,12
41,7,2465.2833333333333,3,4,11,-0.349239,1,13
41,7,2465.2833333333333,3,4,12,-1.164332,1,14
41,7,2465.2833333333333,3,4,13,2.764242,1,15
41,7,2465.2833333333333,3,5,11,0.772291,1,16
41,7,2465.2833333333333,3,5,12,0.878326,1,17
41,7,2465.2833333333333,3,5,13,1.452440,1,18
41,7,2465.2833333333333,3,6,11,-0.289340,1,19
41,7,2465.2833333333333,3,6,12,1.310127,1,20
41,7,2465.2833333333333,3,6,13,0.747679,1,21
41,7,2465.2833333333333,3,7,11,-1.708354,1,22
41,7,2465.2833333333333,3,7,12,-0.666117,1,23
41,7,2465.2833333333333,3,7,13,-0.862912,1,24
41,7,2465.2833333333333,3,8,11,0.634789,1,25
41,7,2465.2833333333333,3,8,12,-0.534126,1,26
41,7,2465.2833333333333,3,8,13,2.209383,1,27
41,7,2465.2833333333333,3,9,11,0.246869,1,28
41,7,2465.2833333333333,3,9,12,0.394149,1,29
41,7,2465.2833333333333,3,9,13,0.463862,1,30
41,7,2465.2833333333333,3,10,11,-1.565295,1,31
41,7,2465.2833333333333,3,10,12,0.393339,1,32
41,7,2465.2833333333333,3,10,13,-0.311679,0,33
41,7,2465.2833333333333,3,0,14,-1.692324,0,147
41,7,2465.2833333333333,3,14,11,-0.129522,1,148
41,7,2465.2833333333333,3,0,15,0.838947,1,36
41,7,2465.2833333333333,3,15,14,0.715181,1,37
41,7,2465.2833333333333,3,10,16,0.858521,1,63
41,7,2465.2833333333333,3,16,13,-0.321056,1,64
41,8,2465.2833333333333,4,0,11,-0.429171,0,1
41,8,2465.2833333333333,4,0,12,-0.763474,1,2
41,8,2465.2833333333333,4,0,13,0.184483,1,3
41,8,2465.2833333333333,4,1,11,1.751896,1,4
41,8,2465.2833333333333,4,1,12,-2.232656,1,5
41,8,2465.2833333333333,4,1,13,-1.314607,1,6
41,8,2465.2833333333333,4,2,11,0.052631,1,7
41,8,2465.2833333333333,4,2,12,-0.083823,1,8
41,8,2465.2833333333333,4,2,13,0.094994,1,9
41,8,2465.2833333333333,4,3,11,2.181931,1,10
41,8,2465.2833333333333,4,3,12,-0.550332,1,11
41,8,2465.2833333333333,4,3,13,-0.920582,1,12
41,8,2465.2833333333333,4,4,11,-0.103697,1,13
41,8,2465.2833333333333,4,4,12,-1.770454,1,14
41,8,2465.2833333333333,4,4,13,2.626193,1,15
41,8,2465.2833333333333,4,5,11,-0.206914,1,16
41,8,2465.2833333333333,4,5,12,0.676829,1,17
41,8,2465.2833333333333,4,5,13,2.185911,1,18
41,8,2465.2833333333333,4,6,11,-0.264084,0,19
41,8,2465.2833333333333,4,6,12,-0.899114,1,20
41,8,2465.2833333333333,4,6,13,1.613191,1,21
41,8,2465.2833333333333,4,7,11,-1.618428,1,22
41,8,2465.2833333333333,4,7,12,-0.269911,1,23
41,8,2465.2833333333333,4,7,13,-1.526620,1,24
41,8,2465.2833333333333,4,8,11,0.350589,1,25
41,8,2465.2833333333333,4,8,12,0.894289,1,26
41,8,2465.2833333333333,4,8,13,2.171301,1,27
41,8,2465.2833333333333,4,9,11,0.417324,1,28
41,8,2465.2833333333333,4,9,12,0.302650,1,29
41,8,2465.2833333333333,4,9,13,0.279587,1,30
41,8,2465.2833333333333,4,10,11,-1.732024,1,31
41,8,2465.2833333333333,4,10,12,0.483850,1,32
41,8,2465.2833333333333,4,10,13,0.461953,0,33
41,8,2465.2833333333333,4,0,14,-1.644850,0,147
41,8,2465.2833333333333,4,14,11,-0.698887,1,148
41,8,2465.2833333333333,4,0,15,-0.030676,1,36
41,8,2465.2833333333333,4,15,14,0.583979,1,37
41,8,2465.2833333333333,4,10,16,1.188034,1,63
41,8,2465.2833333333333,4,16,13,-0.228424,1,64
41,8,2465.2833333333333,4,6,17,1.000000,1,62
41,8,2465.2833333333333,4,17,11,-0.264084,1,63
41,9,2385.383333333333,3,0,11,-1.853465,0,1
41,9,2385.383333333333,3,0,12,-1.737025,1,2
41,9,2385.383333333333,3,0,13,-0.812592,1,3
41,9,2385.383333333333,3,1,11,1.344187,1,4
41,9,2385.383333333333,3,1,12,-1.167683,1,5
41,9,2385.383333333333,3,1,13,-0.648262,1,6
41,9,2385.383333333333,3,2,11,1.156610,1,7
41,9,2385.383333333333,3,2,12,-0.455068,1,8
41,9,2385.383333333333,3,2,13,0.656344,1,9
41,9,2385.383333333333,3,3,11,2.370449,1,10
41,9,2385.383333333333,3,3,12,-0.766252,1,11
41,9,2385.383333333333,3,3,13,-0.274159,1,12
41,9,2385.383333333333,3,4,11,-0.064359,1,13
41,9,2385.383333333333,3,4,12,-1.133944,1,14
41,9,2385.383333333333,3,4,13,2.770794,1,15
41,9,2385.383333333333,3,5,11,0.735401,1,16
41,9,2385.383333333333,3,5,12,0.062616,1,17
41,9,2385.383333333333,3,5,13,1.621386,1,18
41,9,2385.383333333333,3,6,11,-0.670578,1,19
41,9,2385.383333333333,3,6,12,1.123425,1,20
41,9,2385.383333333333,3,6,13,-0.798039,1,21
41,9,2385.383333333333,3,7,11,-0.934671,1,22
41,9,2385.383333333333,3,7,12,0.428846,1,23
41,9,2385.383333333333,3,7,13,-1.050485,1,24
41,9,2385.383333333333,3,8,11,-0.019474,1,25
41,9,2385.383333333333,3,8,12,-0.257422,1,26
41,9,2385.383333333333,3,8,13,2.117956,1,27
41,9,2385.383333333333,3,9,11,0.528266,1,28
41,9,2385.383333333333,3,9,12,0.105855,1,29
41,9,2385.383333333333,3,9,13,-0.313121,1,30
41,9,2385.383333333333,3,10,11,-1.694124,1,31
41,9,2385.383333333333,3,10,12,-0.078513,1,32
41,9,2385.383333333333,3,10,13,-0.199114,0,33
41,9,2385.383333333333,3,0,14,-1.298231,0,147
41,9,2385.383333333333,3,14,11,0.255963,1,148
41,9,2385.383333333333,3,0,15,-0.033996,1,36
41,9,2385.383333333333,3,15,14,0.505883,1,37
41,9,2385.383333333333,3,10,16,1.449078,1,63
41,9,2385.383333333333,3,16,13,-0.741131,1,64
41,10,2464.9500000000003,3,0,11,-0.699646,0,1
41,10,2464.9500000000003,3,0,12,-1.585665,1,2
41,10,2464.9500000000003,3,0,13,1.193372,1,3
41,10,2464.9500000000003,3,1,11,1.346271,1,4
41,10,2464.9500000000003,3,1,12,-2.074467,1,5
41,10,2464.9500000000003,3,1,13,-0.419869,1,6
41,10,2464.9500000000003,3,2,11,1.656445,1,7
41,10,2464.9500000000003,3,2,12,-0.101022,1,8
41,10,2464.9500000000003,3,2,13,-0.209555,1,9
41,10,2464.9500000000003,3,3,11,1.780004,1,10
41,10,2464.9500000000003,3,3,12,-1.173643,1,11
41,10,2464.9500000000003,3,3,13,0.199554,1,12
41,10,2464.9500000000003,3,4,11,-0.099007,1,13
41,10,2464.9500000000003,3,4,12,-1.820776,1,14
41,10,2464.9500000000003,3,4,13,2.721341,1,15
41,10,2464.9500000000003,3,5,11,-0.158807,1,16
41,10,2464.9500000000003,3,5,12,1.118517,1,17
41,10,2464.9500000000003,3,5,13,2.142388,1,18
41,10,2464.9500000000003,3,6,11,-1.034440,1,19
41,10,2464.9500000000003,3,6,12,-0.667825,1,20
41,10,2464.9500000000003,3,6,13,-0.592478,1,21
41,10,2464.9500000000003,3,7,11,-0.679161,1,22
41,10,2464.9500000000003,3,7,12,0.483643,1,23
41,10,2464.9500000000003,3,7,13,-1.686127,1,24
41,10,2464.9500000000003,3,8,11,0.180135,1,25
41,10,2464.9500000000003,3,8,12,-0.466936,1,26
41,10,2464.9500000000003,3,8,13,2.383041,1,27
41,10,2464.9500000000003,3,9,11,0.406661,1,28
41,10,2464.9500000000003,3,9,12,1.288479,1,29
41,10,2464.9500000000003,3,9,13,0.164791,1,30
41,10,2464.9500000000003,3,10,11,0.028569,1,31
41,10,2464.9500000000003,3,10,12,0.218768,1,32
41,10,2464.9500000000003,3,10,13,-0.010581,0,33
41,10,2464.9500000000003,3,0,14,1.160142,0,147
41,10,2464.9500000000003,3,14,11,-0.089399,1,148
41,10,2464.9500000000003,3,0,15,1.040247,1,36
41,10,2464.9500000000003,3,15,14,0.698353,1,37
41,10,2464.9500000000003,3,10,16,0.732026,1,63
41,10,2464.9500000000003,3,16,13,0.241872,1,64
41,11,2464.9500000000003,3,0,11,-1.023628,0,1
41,11,2464.9500000000003,3,0,12,-1.904220,1,2
41,11,2464.9500000000003,3,0,13,1.298852,1,3
41,11,2464.9500000000003,3,1,11,1.332701,1,4
41,11,2464.9500000000003,3,1,12,-1.988016,1,5
41,11,2464.9500000000003,3,1,13,0.438978,1,6
41,11,2464.9500000000003,3,2,11,0.375866,1,7
41,11,2464.9500000000003,3,2,12,-1.567331,1,8
41,11,2464.9500000000003,3,2,13,0.530758,1,9
41,11,2464.9500000000003,3,3,11,1.450207,1,10
41,11,2464.9500000000003,3,3,12,-1.914080,1,11
41,11,2464.9500000000003,3,3,13,-0.622177,1,12
41,11,2464.9500000000003,3,4,11,-0.124981,1,13
41,11,2464.9500000000003,3,4,12,-1.303295,1,14
41,11,2464.9500000000003,3,4,13,2.939622,1,15
41,11,2464.9500000000003,3,5,11,0.082895,1,16
41,11,2464.9500000000003,3,5,12,0.533482,1,17
41,11,2464.9500000000003,3,5,13,2.041372,1,18
41,11,2464.9500000000003,3,6,11,-0.028733,1,19
41,11,2464.9500000000003,3,6,12,-0.546007,1,20
41,11,2464.9500000000003,3,6,13,-0.831709,1,21
41,11,2464.9500000000003,3,7,11,1.149005,1,22
41,11,2464.9500000000003,3,7,12,0.519560,1,23
41,11,2464.9500000000003,3,7,13,-1.762239,1,24
41,11,2464.9500000000003,3,8,11,-0.352043,1,25
41,11,2464.9500000000003,3,8,12,0.540912,1,26
41,11,2464.9500000000003,3,8,13,3.229790,1,27
41,11,2464.9500000000003,3,9,11,1.460313,1,28
41,11,2464.9500000000003,3,9,12,0.702561,1,29
41,11,2464.9500000000003,3,9,13,0.341942,1,30
41,11,2464.9500000000003,3,10,11,-1.650769,1,31
41,11,2464.9500000000003,3,10,12,-0.421224,1,32
41,11,2464.9500000000003,3,10,13,-0.073404,0,33
41,11,2464.9500000000003,3,0,14,-2.323106,0,147
41,11,2464.9500000000003,3,14,11,0.461834,1,148
41,11,2464.9500000000003,3,0,15,0.290776,1,36
41,11,2464.9500000000003,3,15,14,1.225431,1,37
41,11,2464.9500000000003,3,10,16,1.292744,1,63
41,11,2464.9500000000003,3,16,13,-0.925890,1,64
41,12,2385.383333333333,4,0,11,-0.616524,0,1
41,12,2385.383333333333,4,0,12,0.255761,1,2
41,12,2385.383333333333,4,0,13,0.901034,0,3
41,12,2385.383333333333,4,1,11,1.633201,1,4
41,12,2385.383333333333,4,1,12,-2.076151,1,5
41,12,2385.383333333333,4,1,13,-0.394394,1,6
41,12,2385.383333333333,4,2,11,0.090851,1,7
41,12,2385.383333333333,4,2,12,-0.563890,1,8
41,12,2385.383333333333,4,2,13,-1.041825,1,9
41,12,2385.383333333333,4,3,11,2.136163,1,10
41,12,2385.383333333333,4,3,12,-1.820882,1,11
41,12,2385.383333333333,4,3,13,-0.083314,1,12
41,12,2385.383333333333,4,4,11,-0.809425,1,13
41,12,2385.383333333333,4,4,12,-0.768748,1,14
41,12,2385.383333333333,4,4,13,-1.848610,1,15
41,12,2385.383333333333,4,5,11,-0.034213,1,16
41,12,2385.383333333333,4,5,12,0.635957,1,17
41,12,2385.383333333333,4,5,13,1.884974,1,18
41,12,2385.383333333333,4,6,11,-0.007013,1,19
41,12,2385.383333333333,4,6,12,-1.055905,1,20
41,12,2385.383333333333,4,6,13,1.330492,1,21
41,12,2385.383333333333,4,7,11,-1.458799,1,22
41,12,2385.383333333333,4,7,12,-0.404705,1,23
41,12,2385.383333333333,4,7,13,-1.638236,1,24
41,12,2385.383333333333,4,8,11,-1.244218,1,25
41,12,2385.383333333333,4,8,12,0.161347,1,26
41,12,2385.383333333333,4,8,13,0.521117,1,27
41,12,2385.383333333333,4,9,11,1.130453,1,28
41,12,2385.383333333333,4,9,12,0.822187,1,29
41,12,2385.383333333333,4,9,13,1.192215,1,30
41,12,2385.383333333333,4,10,11,-1.675335,1,31
41,12,2385.383333333333,4,10,12,0.277496,1,32
41,12,2385.383333333333,4,10,13,-0.128944,0,33
41,12,2385.383333333333,4,0,14,0.390492,0,147
41,12,2385.383333333333,4,14,11,0.786449,1,148
41,12,2385.383333333333,4,0,15,1.293452,1,36
41,12,2385.383333333333,4,15,14,1.390260,1,37
41,12,2385.383333333333,4,10,16,-0.772297,1,63
41,12,2385.383333333333,4,16,13,-0.785749,1,64
41,12,2385.383333333333,4,0,17,1.000000,1,64
41,12,2385.383333333333,4,17,13,0.901034,1,65
41,13,2465.3833333333337,3,0,11,-0.859609,0,1
41,13,2465.3833333333337,3,0,12,-1.910212,1,2
41,13,2465.3833333333337,3,0,13,-1.518371,1,3
41,13,2465.3833333333337,3,1,11,1.770187,1,4
41,13,2465.3833333333337,3,1,12,-0.692786,1,5
41,13,2465.3833333333337,3,1,13,-0.575705,1,6
41,13,2465.3833333333337,3,2,11,0.457600,1,7
41,13,2465.3833333333337,3,2,12,-0.141379,1,8
41,13,2465.3833333333337,3,2,13,0.489544,1,9
41,13,2465.3833333333337,3,3,11,2.405860,1,10
41,13,2465.3833333333337,3,3,12,-0.198131,1,11
41,13,2465.3833333333337,3,3,13,-0.366905,1,12
41,13,2465.3833333333337,3,4,11,0.083157,1,13
41,13,2465.3833333333337,3,4,12,-1.951859,1,14
41,13,2465.3833333333337,3,4,13,2.680486,1,15
41,13,2465.3833333333337,3,5,11,-0.348335,1,16
41,13,2465.3833333333337,3,5,12,0.491194,1,17
41,13,2465.3833333333337,3,5,13,2.405397,1,18
41,13,2465.3833333333337,3,6,11,-0.552793,1,19
41,13,2465.3833333333337,3,6,12,-0.845930,1,20
41,13,2465.3833333333337,3,6,13,0.233822,1,21
41,13,2465.3833333333337,3,7,11,1.471233,1,22
41,13,2465.3833333333337,3,7,12,-0.380660,1,23
41,13,2465.3833333333337,3,7,13,-1.152330,1,24
41,13,2465.3833333333337,3,8,11,-1.553869,1,25
41,13,2465.3833333333337,3,8,12,0.351468,1,26
41,13,2465.3833333333337,3,8,13,2.349092,1,27
41,13,2465.3833333333337,3,9,11,1.012558,1,28
41,13,2465.3833333333337,3,9,12,0.494998,1,29
41,13,2465.3833333333337,3,9,13,0.071217,1,30
41,13,2465.3833333333337,3,10,11,-1.447095,1,31
41,13,2465.3833333333337,3,10,12,-0.233025,1,32
41,13,2465.3833333333337,3,10,13,-0.243533,0,33
41,13,2465.3833333333337,3,0,14,-1.535856,0,147
41,13,2465.3833333333337,3,14,11,-0.072864,1,148
41,13,2465.3833333333337,3,0,15,0.606225,1,36
41,13,2465.3833333333337,3,15,14,0.901941,1,37
41,13,2465.3833333333337,3,10,16,0.500805,1,63
41,13,2465.3833333333337,3,16,13,0.375329,1,64
41,14,2465.3833333333337,4,0,11,-0.859609,0,1
41,14,2465.3833333333337,4,0,12,-0.370934,1,2
41,14,2465.3833333333337,4,0,13,-1.518371,1,3
41,14,2465.3833333333337,4,1,11,1.650040,1,4
41,14,2465.3833333333337,4,1,12,-0.692786,1,5
41,14,2465.3833333333337,4,1,13,0.267901,1,6
41,14,2465.3833333333337,4,2,11,0.457600,1,7
41,14,2465.3833333333337,4,2,12,-0.141379,1,8
41,14,2465.3833333333337,4,2,13,0.489544,1,9
41,14,2465.3833333333337,4,3,11,2.405860,1,10
41,14,2465.3833333333337,4,3,12,-0.198131,1,11
41,14,2465.3833333333337,4,3,13,-0.366905,0,12
41,14,2465.3833333333337,4,4,11,0.083157,1,13
41,14,2465.3833333333337,4,4,12,-1.951859,1,14
41,14,2465.3833333333337,4,4,13,2.688944,1,15
41,14,2465.3833333333337,4,5,11,-0.267083,1,16
41,14,2465.3833333333337,4,5,12,0.770174,1,17
41,14,2465.3833333333337,4,5,13,2.032539,1,18
41,14,2465.3833333333337,4,6,11,-0.552793,1,19
41,14,2465.3833333333337,4,6,12,-0.845930,1,20
41,14,2465.3833333333337,4,6,13,0.233822,1,21
41,14,2465.3833333333337,4,7,11,1.525188,1,22
41,14,2465.3833333333337,4,7,12,-0.406886,1,23
41,14,2465.3833333333337,4,7,13,-1.998299,1,24
41,14,2465.3833333333337,4,8,11,-1.553869,1,25
41,14,2465.3833333333337,4,8,12,0.351468,1,26
41,14,2465.3833333333337,4,8,13,2.349092,1,27
41,14,2465.3833333333337,4,9,11,1.012558,1,28
41,14,2465.3833333333337,4,9,12,0.494998,1,29
41,14,2465.3833333333337,4,9,13,0.071217,1,30
41,14,2465.3833333333337,4,10,11,-1.447095,1,31
41,14,2465.3833333333337,4,10,12,-0.152540,1,32
41,14,2465.3833333333337,4,10,13,-0.772655,0,33
41,14,2465.3833333333337,4,0,14,-1.481419,0,147
41,14,2465.3833333333337,4,14,11,-0.992851,1,148
41,14,2465.3833333333337,4,0,15,0.606225,1,36
41,14,2465.3833333333337,4,15,14,0.901941,1,37
41,14,2465.3833333333337,4,10,16,0.558222,1,63
41,14,2465.3833333333337,4,16,13,0.662414,1,64
41,14,2465.3833333333337,4,3,17,1.000000,1,66
41,14,2465.3833333333337,4,17,13,-0.366905,1,67
41,15,2465.2833333333333,3,0,11,-1.692236,0,1
41,15,2465.2833333333333,3,0,12,-1.473545,1,2
41,15,2465.2833333333333,3,0,13,0.123810,1,3
41,15,2465.2833333333333,3,1,11,1.394173,1,4
41,15,2465.2833333333333,3,1,12,-1.076950,1,5
41,15,2465.2833333333333,3,1,13,-0.366475,1,6
41,15,2465.2833333333333,3,2,11,0.322970,1,7
41,15,2465.2833333333333,3,2,12,-0.128037,1,8
41,15,2465.2833333333333,3,2,13,0.774815,1,9
41,15,2465.2833333333333,3,3,11,2.334602,1,10
41,15,2465.2833333333333,3,3,12,-0.985790,1,11
41,15,2465.2833333333333,3,3,13,-0.383001,1,12
41,15,2465.2833333333333,3,4,11,0.017787,1,13
41,15,2465.2833333333333,3,4,12,-1.773409,1,14
41,15,2465.2833333333333,3,4,13,2.626398,1,15
41,15,2465.2833333333333,3,5,11,-0.634389,1,16
41,15,2465.2833333333333,3,5,12,0.530970,1,17
41,15,2465.2833333333333,3,5,13,2.229013,1,18
41,15,2465.2833333333333,3,6,11,-0.654285,1,19
41,15,2465.2833333333333,3,6,12,-0.733860,1,20
41,15,2465.2833333333333,3,6,13,1.538152,1,21
41,15,2465.2833333333333,3,7,11,-0.641725,1,22
41,15,2465.2833333333333,3,7,12,0.344487,1,23
41,15,2465.2833333333333,3,7,13,-2.034558,1,24
41,15,2465.2833333333333,3,8,11,-1.551929,1,25
41,15,2465.2833333333333,3,8,12,0.057462,1,26
41,15,2465.2833333333333,3,8,13,2.832678,1,27
41,15,2465.2833333333333,3,9,11,0.890718,1,28
41,15,2465.2833333333333,3,9,12,0.292056,1,29
41,15,2465.2833333333333,3,9,13,0.569006,1,30
41,15,2465.2833333333333,3,10,11,-0.946362,1,31
41,15,2465.2833333333333,3,10,12,0.075245,1,32
41,15,2465.2833333333333,3,10,13,-0.390358,0,33
41,15,2465.2833333333333,3,0,14,-1.192549,0,147
41,15,2465.2833333333333,3,14,11,-0.777000,1,148
41,15,2465.2833333333333,3,0,15,0.666738,1,36
41,15,2465.2833333333333,3,15,14,1.210369,1,37
41,15,2465.2833333333333,3,10,16,-1.735341,1,63
41,15,2465.2833333333333,3,16,13,0.042223,1,64
41,16,2465.2833333333333,3,0,11,-0.089835,0,1
41,16,2465.2833333333333,3,0,12,0.566701,1,2
41,16,2465.2833333333333,3,0,13,-0.311964,1,3
41,16,2465.2833333333333,3,1,11,1.615345,1,4
41,16,2465.2833333333333,3,1,12,-1.766997,1,5
41,16,2465.2833333333333,3,1,13,0.348990,1,6
41,16,2465.2833333333333,3,2,11,-0.557998,1,7
41,16,2465.2833333333333,3,2,12,-0.739468,1,8
41,16,2465.2833333333333,3,2,13,0.614469,1,9
41,16,2465.2833333333333,3,3,11,2.670617,1,10
41,16,2465.2833333333333,3,3,12,-1.472894,1,11
41,16,2465.2833333333333,3,3,13,-0.064265,1,12
41,16,2465.2833333333333,3,4,11,0.707831,1,13
41,16,2465.2833333333333,3,4,12,-1.281683,1,14
41,16,2465.2833333333333,3,4,13,2.371336,1,15
41,16,2465.2833333333333,3,5,11,-0.536881,1,16
41,16,2465.2833333333333,3,5,12,0.297656,1,17
41,16,2465.2833333333333,3,5,13,1.815397,1,18
41,16,2465.2833333333333,3,6,11,-0.419803,1,19
41,16,2465.2833333333333,3,6,12,-0.534344,1,20
41,16,2465.2833333333333,3,6,13,1.380488,1,21
41,16,2465.2833333333333,3,7,11,1.644560,1,22
41,16,2465.2833333333333,3,7,12,-0.938996,1,23
41,16,2465.2833333333333,3,7,13,-1.672056,1,24
41,16,2465.2833333333333,3,8,11,0.422507,1,25
41,16,2465.2833333333333,3,8,12,0.165920,1,26
41,16,2465.2833333333333,3,8,13,2.177557,1,27
41,16,2465.2833333333333,3,9,11,0.869422,1,28
41,16,2465.2833333333333,3,9,12,0.251635,1,29
41,16,2465.2833333333333,3,9,13,0.524493,1,30
41,16,2465.2833333333333,3,10,11,-2.162968,1,31
41,16,2465.2833333333333,3,10,12,-0.283259,1,32
41,16,2465.2833333333333,3,10,13,-0.757272,0,33
41,16,2465.2833333333333,3,0,14,-1.925206,0,147
41,16,2465.2833333333333,3,14,11,0.512823,1,148
41,16,2465.2833333333333,3,0,15,0.314098,1,36
41,16,2465.2833333333333,3,15,14,0.794941,1,37
41,16,2465.2833333333333,3,10,16,0.546918,1,63
41,16,2465.2833333333333,3,16,13,0.074076,1,64
41,17,2465.2833333333333,3,0,11,-0.440876,0,1
41,17,2465.2833333333333,3,0,12,-1.982170,1,2
41,17,2465.2833333333333,3,0,13,0.077118,1,3
41,17,2465.2833333333333,3,1,11,1.558481,1,4
41,17,2465.2833333333333,3,1,12,-1.754115,1,5
41,17,2465.2833333333333,3,1,13,0.178718,1,6
41,17,2465.2833333333333,3,2,11,0.228235,1,7
41,17,2465.2833333333333,3,2,12,0.864970,1,8
41,17,2465.2833333333333,3,2,13,-0.119698,1,9
41,17,2465.2833333333333,3,3,11,1.907665,1,10
41,17,2465.2833333333333,3,3,12,-1.355695,1,11
41,17,2465.2833333333333,3,3,13,-0.294528,1,12
41,17,2465.2833333333333,3,4,11,-0.726943,1,13
41,17,2465.2833333333333,3,4,12,-1.774367,1,14
41,17,2465.2833333333333,3,4,13,2.869742,1,15
41,17,2465.2833333333333,3,5,11,-0.674973,1,16
41,17,2465.2833333333333,3,5,12,0.941685,1,17
41,17,2465.2833333333333,3,5,13,1.562326,1,18
41,17,2465.2833333333333,3,6,11,-0.265313,1,19
41,17,2465.2833333333333,3,6,12,-0.024552,1,20
41,17,2465.2833333333333,3,6,13,-0.612034,1,21
41,17,2465.2833333333333,3,7,11,0.109899,1,22
41,17,2465.2833333333333,3,7,12,0.009040,1,23
41,17,2465.2833333333333,3,7,13,-2.287130,1,24
41,17,2465.2833333333333,3,8,11,0.572224,1,25
41,17,2465.2833333333333,3,8,12,-0.486262,1,26
41,17,2465.2833333333333,3,8,13,3.217065,1,27
41,17,2465.2833333333333,3,9,11,-1.314359,1,28
41,17,2465.2833333333333,3,9,12,-0.042874,1,29
41,17,2465.2833333333333,3,9,13,0.122411,1,30
41,17,2465.2833333333333,3,10,11,-1.659804,1,31
41,17,2465.2833333333333,3,10,12,-0.099506,1,32
41,17,2465.2833333333333,3,10,13,0.701241,0,33
41,17,2465.2833333333333,3,0,14,-1.381155,0,147
41,17,2465.2833333333333,3,14,11,0.275012,1,148
41,17,2465.2833333333333,3,0,15,0.314037,1,36
41,17,2465.2833333333333,3,15,14,0.668559,1,37
41,17,2465.2833333333333,3,10,16,0.925519,1,63
41,17,2465.2833333333333,3,16,13,0.527203,1,64
41,18,2385.383333333333,3,0,11,-1.853465,0,1
41,18,2385.383333333333,3,0,12,-1.737025,1,2
41,18,2385.383333333333,3,0,13,-0.812592,1,3
41,18,2385.383333333333,3,1,11,1.344187,1,4
41,18,2385.383333333333,3,1,12,-1.167683,1,5
41,18,2385.383333333333,3,1,13,-0.648262,1,6
41,18,2385.383333333333,3,2,11,1.156610,1,7
41,18,2385.383333333333,3,2,12,0.122800,1,8
41,18,2385.383333333333,3,2,13,0.312521,1,9
41,18,2385.383333333333,3,3,11,2.370449,1,10
41,18,2385.383333333333,3,3,12,-0.766252,1,11
41,18,2385.383333333333,3,3,13,-0.019289,1,12
41,18,2385.383333333333,3,4,11,-0.455995,1,13
41,18,2385.383333333333,3,4,12,-1.133944,1,14
41,18,2385.383333333333,3,4,13,2.770794,1,15
41,18,2385.383333333333,3,5,11,-0.628431,1,16
41,18,2385.383333333333,3,5,12,-1.024615,1,17
41,18,2385.383333333333,3,5,13,2.541589,1,18
41,18,2385.383333333333,3,6,11,-0.670578,1,19
41,18,2385.383333333333,3,6,12,1.123425,1,20
41,18,2385.383333333333,3,6,13,-0.798039,1,21
41,18,2385.383333333333,3,7,11,-0.934671,1,22
41,18,2385.383333333333,3,7,12,0.428846,1,23
41,18,2385.383333333333,3,7,13,-1.050485,1,24
41,18,2385.383333333333,3,8,11,-0.019474,1,25
41,18,2385.383333333333,3,8,12,-0.426444,1,26
41,18,2385.383333333333,3,8,13,2.117956,1,27
41,18,2385.383333333333,3,9,11,0.267495,1,28
41,18,2385.383333333333,3,9,12,0.594206,1,29
41,18,2385.383333333333,3,9,13,-0.313121,1,30
41,18,2385.383333333333,3,10,11,-1.694124,1,31
41,18,2385.383333333333,3,10,12,0.020398,1,32
41,18,2385.383333333333,3,10,13,-0.199114,0,33
41,18,2385.383333333333,3,0,14,-1.298231,0,147
41,18,2385.383333333333,3,14,11,0.476983,1,148
41,18,2385.383333333333,3,0,15,-0.033996,1,36
41,18,2385.383333333333,3,15,14,1.185878,1,37
41,18,2385.383333333333,3,10,16,1.449078,1,63
41,18,2385.383333333333,3,16,13,0.139136,1,64
41,19,2464.9500000000003,3,0,11,-0.443882,0,1
41,19,2464.9500000000003,3,0,12,0.059165,1,2
41,19,2464.9500000000003,3,0,13,0.261910,1,3
41,19,2464.9500000000003,3,1,11,1.994104,1,4
41,19,2464.9500000000003,3,1,12,-2.347859,1,5
41,19,2464.9500000000003,3,1,13,-0.400043,1,6
41,19,2464.9500000000003,3,2,11,-0.328270,1,7
41,19,2464.9500000000003,3,2,12,-0.919137,1,8
41,19,2464.9500000000003,3,2,13,1.142010,1,9
41,19,2464.9500000000003,3,3,11,2.302469,1,10
41,19,2464.9500000000003,3,3,12,-0.641240,1,11
41,19,2464.9500000000003,3,3,13,-0.106924,1,12
41,19,2464.9500000000003,3,4,11,-0.048454,1,13
41,19,2464.9500000000003,3,4,12,-1.737528,1,14
41,19,2464.9500000000003,3,4,13,2.696893,1,15
41,19,2464.9500000000003,3,5,11,-0.000965,1,16
41,19,2464.9500000000003,3,5,12,0.923966,1,17
41,19,2464.9500000000003,3,5,13,2.072897,1,18
41,19,2464.9500000000003,3,6,11,0.155275,1,19
41,19,2464.9500000000003,3,6,12,-0.566542,1,20
41,19,2464.9500000000003,3,6,13,1.066531,1,21
41,19,2464.9500000000003,3,7,11,-1.439907,1,22
41,19,2464.9500000000003,3,7,12,0.710640,1,23
41,19,2464.9500000000003,3,7,13,-2.072268,1,24
41,19,2464.9500000000003,3,8,11,0.037808,1,25
41,19,2464.9500000000003,3,8,12,-0.770328,1,26
41,19,2464.9500000000003,3,8,13,2.715821,1,27
41,19,2464.9500000000003,3,9,11,0.947727,1,28
41,19,2464.9500000000003,3,9,12,1.275066,1,29
41,19,2464.9500000000003,3,9,13,-0.085889,1,30
41,19,2464.9500000000003,3,10,11,-1.399085,1,31
41,19,2464.9500000000003,3,10,12,0.374508,1,32
41,19,2464.9500000000003,3,10,13,0.257360,0,33
41,19,2464.9500000000003,3,0,14,-1.788037,0,147
41,19,2464.9500000000003,3,14,11,0.518605,1,148
41,19,2464.9500000000003,3,0,15,-0.084935,1,36
41,19,2464.9500000000003,3,15,14,1.076338,1,37
41,19,2464.9500000000003,3,10,16,1.345868,1,63
41,19,2464.9500000000003,3,16,13,0.360361,1,64
41,20,2464.9500000000003,3,0,11,-1.542403,0,1
41,20,2464.9500000000003,3,0,12,-1.859468,1,2
41,20,2464.9500000000003,3,0,13,0.139514,1,3
41,20,2464.9500000000003,3,1,11,1.052448,1,4
41,20,2464.9500000000003,3,1,12,-1.904662,1,5
41,20,2464.9500000000003,3,1,13,-0.366776,1,6
41,20,2464.9500000000003,3,2,11,1.217872,1,7
41,20,2464.9500000000003,3,2,12,-0.068283,1,8
41,20,2464.9500000000003,3,2,13,0.945913,1,9
41,20,2464.9500000000003,3,3,11,2.698542,1,10
41,20,2464.9500000000003,3,3,12,-0.437234,1,11
41,20,2464.9500000000003,3,3,13,0.009091,1,12
41,20,2464.9500000000003,3,4,11,-0.056321,1,13
41,20,2464.9500000000003,3,4,12,-0.295185,1,14
41,20,2464.9500000000003,3,4,13,-1.435373,1,15
41,20,2464.9500000000003,3,5,11,-0.607768,1,16
41,20,2464.9500000000003,3,5,12,0.893915,1,17
41,20,2464.9500000000003,3,5,13,2.638588,1,18
41,20,2464.9500000000003,3,6,11,-0.549912,1,19
41,20,2464.9500000000003,3,6,12,1.193717,1,20
41,20,2464.9500000000003,3,6,13,-0.898285,1,21
41,20,2464.9500000000003,3,7,11,-0.908660,1,22
41,20,2464.9500000000003,3,7,12,0.172624,1,23
41,20,2464.9500000000003,3,7,13,-0.922675,1,24
41,20,2464.9500000000003,3,8,11,0.398247,1,25
41,20,2464.9500000000003,3,8,12,-0.250165,1,26
41,20,2464.9500000000003,3,8,13,0.109482,1,27
41,20,2464.9500000000003,3,9,11,0.456484,1,28
41,20,2464.9500000000003,3,9,12,0.789089,1,29
41,20,2464.9500000000003,3,9,13,0.651321,1,30
41,20,2464.9500000000003,3,10,11,-1.245907,1,31
41,20,2464.9500000000003,3,10,12,0.304101,1,32
41,20,2464.9500000000003,3,10,13,0.065164,0,33
41,20,2464.9500000000003,3,0,14,-1.238819,0,147
41,20,2464.9500000000003,3,14,11,0.174742,1,148
41,20,2464.9500000000003,3,0,15,0.382626,1,36
41,20,2464.9500000000003,3,15,14,0.125534,1,37
41,20,2464.9500000000003,3,10,16,-0.516479,1,63
41,20,2464.9500000000003,3,16,13,-0.281726,1,64
41,21,2385.383333333333,3,0,11,-0.453750,0,1
41,21,2385.383333333333,3,0,12,0.669855,1,2
41,21,2385.383333333333,3,0,13,-0.734990,1,3
41,21,2385.383333333333,3,1,11,1.609496,1,4
41,21,2385.383333333333,3,1,12,-2.768881,1,5
41,21,2385.383333333333,3,1,13,-0.585090,1,6
41,21,2385.383333333333,3,2,11,0.879273,1,7
41,21,2385.383333333333,3,2,12,-0.139879,1,8
41,21,2385.383333333333,3,2,13,0.203115,1,9
41,21,2385.383333333333,3,3,11,1.612905,1,10
41,21,2385.383333333333,3,3,12,-1.703729,1,11
41,21,2385.383333333333,3,3,13,-0.434044,1,12
41,21,2385.383333333333,3,4,11,-0.732851,1,13
41,21,2385.383333333333,3,4,12,0.502019,1,14
41,21,2385.383333333333,3,4,13,2.720724,1,15
41,21,2385.383333333333,3,5,11,-0.263672,1,16
41,21,2385.383333333333,3,5,12,-0.670673,1,17
41,21,2385.383333333333,3,5,13,1.597662,1,18
41,21,2385.383333333333,3,6,11,-1.179476,1,19
41,21,2385.383333333333,3,6,12,-0.713794,1,20
41,21,2385.383333333333,3,6,13,1.696159,1,21
41,21,2385.383333333333,3,7,11,-0.786426,1,22
41,21,2385.383333333333,3,7,12,-0.112161,1,23
41,21,2385.383333333333,3,7,13,-1.010116,1,24
41,21,2385.383333333333,3,8,11,0.347543,1,25
41,21,2385.383333333333,3,8,12,-0.637583,1,26
41,21,2385.383333333333,3,8,13,0.261700,1,27
41,21,2385.383333333333,3,9,11,0.406722,1,28
41,21,2385.383333333333,3,9,12,0.603808,1,29
41,21,2385.383333333333,3,9,13,-0.012064,1,30
41,21,2385.383333333333,3,10,11,-2.147938,1,31
41,21,2385.383333333333,3,10,12,0.108383,1,32
41,21,2385.383333333333,3,10,13,-0.695363,0,33
41,21,2385.383333333333,3,0,14,-2.249636,0,147
41,21,2385.383333333333,3,14,11,0.355577,1,148
41,21,2385.383333333333,3,0,15,0.557507,1,36
41,21,2385.383333333333,3,15,14,0.379404,1,37
41,21,2385.383333333333,3,10,16,-1.183344,1,63
41,21,2385.383333333333,3,16,13,-0.717501,1,64
41,21,2385.383333333333,3,16,15,-0.168046,1,61
41,22,2464.9500000000003,3,0,11,-1.964777,0,1
41,22,2464.9500000000003,3,0,12,0.169436,1,2
41,22,2464.9500000000003,3,0,13,-0.894877,1,3
41,22,2464.9500000000003,3,1,11,1.624571,1,4
41,22,2464.9500000000003,3,1,12,-1.813201,1,5
41,22,2464.9500000000003,3,1,13,-1.014726,1,6
41,22,2464.9500000000003,3,2,11,1.615290,1,7
41,22,2464.9500000000003,3,2,12,0.114727,1,8
41,22,2464.9500000000003,3,2,13,0.541735,1,9
41,22,2464.9500000000003,3,3,11,2.696329,1,10
41,22,2464.9500000000003,3,3,12,-0.566537,1,11
41,22,2464.9500000000003,3,3,13,0.082350,1,12
41,22,2464.9500000000003,3,4,11,-0.351740,1,13
41,22,2464.9500000000003,3,4,12,-1.452836,1,14
41,22,2464.9500000000003,3,4,13,0.878488,1,15
41,22,2464.9500000000003,3,5,11,0.789325,1,16
41,22,2464.9500000000003,3,5,12,1.056845,1,17
41,22,2464.9500000000003,3,5,13,1.893045,1,18
41,22,2464.9500000000003,3,6,11,-0.707089,1,19
41,22,2464.9500000000003,3,6,12,-0.552430,1,20
41,22,2464.9500000000003,3,6,13,-0.771606,1,21
41,22,2464.9500000000003,3,7,11,-1.199895,1,22
41,22,2464.9500000000003,3,7,12,1.462635,1,23
41,22,2464.9500000000003,3,7,13,-1.325712,1,24
41,22,2464.9500000000003,3,8,11,-0.386569,1,25
41,22,2464.9500000000003,3,8,12,0.287306,1,26
41,22,2464.9500000000003,3,8,13,2.969543,1,27
41,22,2464.9500000000003,3,9,11,0.594575,1,28
41,22,2464.9500000000003,3,9,12,0.798859,1,29
41,22,2464.9500000000003,3,9,13,-0.149798,1,30
41,22,2464.9500000000003,3,10,11,-2.085768,1,31
41,22,2464.9500000000003,3,10,12,-0.229283,1,32
41,22,2464.9500000000003,3,10,13,0.294072,0,33
41,22,2464.9500000000003,3,0,14,-1.438417,0,147
41,22,2464.9500000000003,3,14,11,0.807697,1,148
41,22,2464.9500000000003,3,0,15,-0.066500,1,36
41,22,2464.9500000000003,3,15,14,1.003309,1,37
41,22,2464.9500000000003,3,10,16,0.559531,1,63
41,22,2464.9500000000003,3,16,13,0.749760,1,64
41,23,79.76666666666667,3,0,11,-0.576492,0,1
41,23,79.76666666666667,3,0,12,0.363422,1,2
41,23,79.76666666666667,3,0,13,-0.617487,1,3
41,23,79.76666666666667,3,1,11,1.659670,1,4
41,23,79.76666666666667,3,1,12,-1.977851,1,5
41,23,79.76666666666667,3,1,13,0.936675,1,6
41,23,79.76666666666667,3,2,11,0.253744,1,7
41,23,79.76666666666667,3,2,12,-0.435362,1,8
41,23,79.76666666666667,3,2,13,0.802563,1,9
41,23,79.76666666666667,3,3,11,2.063924,1,10
41,23,79.76666666666667,3,3,12,-0.746514,1,11
41,23,79.76666666666667,3,3,13,0.353878,1,12
41,23,79.76666666666667,3,4,11,-0.535536,1,13
41,23,79.76666666666667,3,4,12,-1.099485,1,14
41,23,79.76666666666667,3,4,13,2.631102,1,15
41,23,79.76666666666667,3,5,11,0.675335,1,16
41,23,79.76666666666667,3,5,12,0.036997,1,17
41,23,79.76666666666667,3,5,13,2.164965,1,18
41,23,79.76666666666667,3,6,11,-0.718356,1,19
41,23,79.76666666666667,3,6,12,-0.460960,1,20
41,23,79.76666666666667,3,6,13,1.378903,1,21
41,23,79.76666666666667,3,7,11,-1.414590,1,22
41,23,79.76666666666667,3,7,12,-1.103518,1,23
41,23,79.76666666666667,3,7,13,-0.950209,1,24
41,23,79.76666666666667,3,8,11,-0.060368,1,25
41,23,79.76666666666667,3,8,12,0.194453,1,26
41,23,79.76666666666667,3,8,13,0.001933,1,27
41,23,79.76666666666667,3,9,11,0.316346,1,28
41,23,79.76666666666667,3,9,12,0.824118,1,29
41,23,79.76666666666667,3,9,13,-0.147524,1,30
41,23,79.76666666666667,3,10,11,-2.066940,1,31
41,23,79.76666666666667,3,10,12,-0.075443,1,32
41,23,79.76666666666667,3,10,13,-0.084474,0,33
41,23,79.76666666666667,3,0,14,-1.285406,0,147
41,23,79.76666666666667,3,14,11,0.720815,1,148
41,23,79.76666666666667,3,0,15,0.673039,1,36
41,23,79.76666666666667,3,15,14,1.013513,1,37
41,23,79.76666666666667,3,10,16,1.468278,1,63
41,23,79.76666666666667,3,16,13,-0.905783,1,64
41,24,2465.3833333333337,3,0,11,-1.722806,0,1
41,24,2465.3833333333337,3,0,12,-1.871010,1,2
41,24,2465.3833333333337,3,0,13,-1.667453,1,3
41,24,2465.3833333333337,3,1,11,2.031751,1,4
41,24,2465.3833333333337,3,1,12,-0.601838,1,5
41,24,2465.3833333333337,3,1,13,-0.974277,1,6
41,24,2465.3833333333337,3,2,11,1.382957,1,7
41,24,2465.3833333333337,3,2,12,-0.193785,1,8
41,24,2465.3833333333337,3,2,13,0.643817,1,9
41,24,2465.3833333333337,3,3,11,0.146993,1,10
41,24,2465.3833333333337,3,3,12,-0.271540,1,11
41,24,2465.3833333333337,3,3,13,-0.465204,1,12
41,24,2465.3833333333337,3,4,11,0.189340,1,13
41,24,2465.3833333333337,3,4,12,-2.136908,1,14
41,24,2465.3833333333337,3,4,13,2.634528,1,15
41,24,2465.3833333333337,3,5,11,-0.929635,1,16
41,24,2465.3833333333337,3,5,12,-1.093926,1,17
41,24,2465.3833333333337,3,5,13,2.765425,1,18
41,24,2465.3833333333337,3,6,11,-0.420458,1,19
41,24,2465.3833333333337,3,6,12,-0.656969,1,20
41,24,2465.3833333333337,3,6,13,-0.260446,1,21
41,24,2465.3833333333337,3,7,11,1.335796,1,22
41,24,2465.3833333333337,3,7,12,0.317916,1,23
41,24,2465.3833333333337,3,7,13,-0.537267,1,24
41,24,2465.3833333333337,3,8,11,-1.630366,1,25
41,24,2465.3833333333337,3,8,12,-0.524686,1,26
41,24,2465.3833333333337,3,8,13,2.288444,1,27
41,24,2465.3833333333337,3,9,11,0.387940,1,28
41,24,2465.3833333333337,3,9,12,0.790454,1,29
41,24,2465.3833333333337,3,9,13,0.116906,1,30
41,24,2465.3833333333337,3,10,11,-1.886708,1,31
41,24,2465.3833333333337,3,10,12,-0.139775,1,32
41,24,2465.3833333333337,3,10,13,-0.414154,0,33
41,24,2465.3833333333337,3,0,14,-1.366662,0,147
41,24,2465.3833333333337,3,14,11,-0.724602,1,148
41,24,2465.3833333333337,3,0,15,0.175910,1,36
41,24,2465.3833333333337,3,15,14,0.533776,1,37
41,24,2465.3833333333337,3,10,16,-1.404739,1,63
41,24,2465.3833333333337,3,16,13,0.324814,1,64
41,25,2465.3833333333337,3,0,11,-0.692169,0,1
41,25,2465.3833333333337,3,0,12,-0.631886,1,2
41,25,2465.3833333333337,3,0,13,-1.737161,1,3
41,25,2465.3833333333337,3,1,11,1.630989,1,4
41,25,2465.3833333333337,3,1,12,-1.079683,1,5
41,25,2465.3833333333337,3,1,13,-1.910394,1,6
41,25,2465.3833333333337,3,2,11,0.273753,1,7
41,25,2465.3833333333337,3,2,12,-0.325747,1,8
41,25,2465.3833333333337,3,2,13,0.706722,1,9
41,25,2465.3833333333337,3,3,11,2.108314,1,10
41,25,2465.3833333333337,3,3,12,0.060993,1,11
41,25,2465.3833333333337,3,3,13,-0.377334,1,12
41,25,2465.3833333333337,3,4,11,0.398505,1,13
41,25,2465.3833333333337,3,4,12,-1.333176,1,14
41,25,2465.3833333333337,3,4,13,2.636265,1,15
41,25,2465.3833333333337,3,5,11,-0.760919,1,16
41,25,2465.3833333333337,3,5,12,1.000288,1,17
41,25,2465.3833333333337,3,5,13,1.604464,1,18
41,25,2465.3833333333337,3,6,11,-0.823514,1,19
41,25,2465.3833333333337,3,6,12,-1.011537,1,20
41,25,2465.3833333333337,3,6,13,0.507239,1,21
41,25,2465.3833333333337,3,7,11,1.465563,1,22
41,25,2465.3833333333337,3,7,12,1.510965,1,23
41,25,2465.3833333333337,3,7,13,-2.435669,1,24
41,25,2465.3833333333337,3,8,11,-1.710021,1,25
41,25,2465.3833333333337,3,8,12,-0.308460,1,26
41,25,2465.3833333333337,3,8,13,2.050095,1,27
41,25,2465.3833333333337,3,9,11,1.170031,1,28
41,25,2465.3833333333337,3,9,12,0.328380,1,29
41,25,2465.3833333333337,3,9,13,0.308864,1,30
41,25,2465.3833333333337,3,10,11,-2.152366,1,31
41,25,2465.3833333333337,3,10,12,-0.342520,1,32
41,25,2465.3833333333337,3,10,13,-0.875407,0,33
41,25,2465.3833333333337,3,0,14,-1.329350,0,147
41,25,2465.3833333333337,3,14,11,0.276901,1,148
41,25,2465.3833333333337,3,0,15,0.665050,1,36
41,25,2465.3833333333337,3,15,14,0.602887,1,37
41,25,2465.3833333333337,3,10,16,0.822116,1,63
41,25,2465.3833333333337,3,16,13,0.863179,1,64
41,25,2465.3833333333337,3,5,16,-0.883718,1,68
41,26,2464.9500000000003,3,0,11,-1.318855,0,1
41,26,2464.9500000000003,3,0,12,0.211406,1,2
41,26,2464.9500000000003,3,0,13,-1.039200,1,3
41,26,2464.9500000000003,3,1,11,1.544229,1,4
41,26,2464.9500000000003,3,1,12,-2.379825,1,5
41,26,2464.9500000000003,3,1,13,-0.541410,1,6
41,26,2464.9500000000003,3,2,11,0.156260,1,7
41,26,2464.9500000000003,3,2,12,-0.380629,1,8
41,26,2464.9500000000003,3,2,13,0.911667,1,9
41,26,2464.9500000000003,3,3,11,2.556170,1,10
41,26,2464.9500000000003,3,3,12,-0.434560,1,11
41,26,2464.9500000000003,3,3,13,-0.308324,1,12
41,26,2464.9500000000003,3,4,11,-0.716533,1,13
41,26,2464.9500000000003,3,4,12,-1.761396,1,14
41,26,2464.9500000000003,3,4,13,2.377547,1,15
41,26,2464.9500000000003,3,5,11,-0.766605,1,16
41,26,2464.9500000000003,3,5,12,0.280951,1,17
41,26,2464.9500000000003,3,5,13,1.657680,1,18
41,26,2464.9500000000003,3,6,11,-0.250790,1,19
41,26,2464.9500000000003,3,6,12,-0.697583,1,20
41,26,2464.9500000000003,3,6,13,-0.780245,1,21
41,26,2464.9500000000003,3,7,11,-0.791772,1,22
41,26,2464.9500000000003,3,7,12,0.473844,1,23
41,26,2464.9500000000003,3,7,13,-1.368149,1,24
41,26,2464.9500000000003,3,8,11,0.302789,1,25
41,26,2464.9500000000003,3,8,12,-0.252805,1,26
41,26,2464.9500000000003,3,8,13,2.342778,1,27
41,26,2464.9500000000003,3,9,11,0.415604,1,28
41,26,2464.9500000000003,3,9,12,0.810835,1,29
41,26,2464.9500000000003,3,9,13,-0.572249,1,30
41,26,2464.9500000000003,3,10,11,1.581884,1,31
41,26,2464.9500000000003,3,10,12,-0.727773,1,32
41,26,2464.9500000000003,3,10,13,-0.057149,0,33
41,26,2464.9500000000003,3,0,14,-1.210288,0,147
41,26,2464.9500000000003,3,14,11,-0.032092,1,148
41,26,2464.9500000000003,3,0,15,0.156017,1,36
41,26,2464.9500000000003,3,15,14,1.355533,1,37
41,26,2464.9500000000003,3,10,16,1.743752,1,63
41,26,2464.9500000000003,3,16,13,-0.170554,1,64
41,27,2465.2833333333333,3,0,11,-1.113870,0,1
41,27,2465.2833333333333,3,0,12,-0.071790,1,2
41,27,2465.2833333333333,3,0,13,-0.048905,1,3
41,27,2465.2833333333333,3,1,11,1.209168,1,4
41,27,2465.2833333333333,3,1,12,-1.865015,1,5
41,27,2465.2833333333333,3,1,13,-0.018526,1,6
41,27,2465.2833333333333,3,2,11,0.299253,1,7
41,27,2465.2833333333333,3,2,12,0.786572,1,8
41,27,2465.2833333333333,3,2,13,0.401809,1,9
41,27,2465.2833333333333,3,3,11,1.927399,1,10
41,27,2465.2833333333333,3,3,12,-1.859329,1,11
41,27,2465.2833333333333,3,3,13,-0.099666,1,12
41,27,2465.2833333333333,3,4,11,-0.643883,1,13
41,27,2465.2833333333333,3,4,12,-1.572975,1,14
41,27,2465.2833333333333,3,4,13,2.913063,1,15
41,27,2465.2833333333333,3,5,11,-0.223194,1,16
41,27,2465.2833333333333,3,5,12,0.633589,1,17
41,27,2465.2833333333333,3,5,13,2.066529,1,18
41,27,2465.2833333333333,3,6,11,-0.468169,1,19
41,27,2465.2833333333333,3,6,12,-0.513809,1,20
41,27,2465.2833333333333,3,6,13,-0.638241,1,21
41,27,2465.2833333333333,3,7,11,1.529572,1,22
41,27,2465.2833333333333,3,7,12,-0.171796,1,23
41,27,2465.2833333333333,3,7,13,-1.570767,1,24
41,27,2465.2833333333333,3,8,11,-1.790847,1,25
41,27,2465.2833333333333,3,8,12,0.113859,1,26
41,27,2465.2833333333333,3,8,13,2.364167,1,27
41,27,2465.2833333333333,3,9,11,-0.161663,1,28
41,27,2465.2833333333333,3,9,12,-0.084431,1,29
41,27,2465.2833333333333,3,9,13,-0.458488,1,30
41,27,2465.2833333333333,3,10,11,-1.984015,1,31
41,27,2465.2833333333333,3,10,12,-0.322122,1,32
41,27,2465.2833333333333,3,10,13,-0.601495,0,33
41,27,2465.2833333333333,3,0,14,-1.293075,0,147
41,27,2465.2833333333333,3,14,11,-0.986676,1,148
41,27,2465.2833333333333,3,0,15,0.999776,1,36
41,27,2465.2833333333333,3,15,14,0.700511,1,37
41,27,2465.2833333333333,3,10,16,0.604231,1,63
41,27,2465.2833333333333,3,16,13,0.563475,1,64
41,28,2465.3833333333337,3,0,11,-0.859609,0,1
41,28,2465.3833333333337,3,0,12,-1.910212,1,2
41,28,2465.3833333333337,3,0,13,0.143547,1,3
41,28,2465.3833333333337,3,1,11,1.650040,1,4
41,28,2465.3833333333337,3,1,12,-0.692786,1,5
41,28,2465.3833333333337,3,1,13,-0.575705,1,6
41,28,2465.3833333333337,3,2,11,0.358406,1,7
41,28,2465.3833333333337,3,2,12,0.558918,1,8
41,28,2465.3833333333337,3,2,13,0.489544,1,9
41,28,2465.3833333333337,3,3,11,2.405860,1,10
41,28,2465.3833333333337,3,3,12,-0.198131,1,11
41,28,2465.3833333333337,3,3,13,-0.338836,1,12
41,28,2465.3833333333337,3,4,11,-0.436958,1,13
41,28,2465.3833333333337,3,4,12,-1.700446,1,14
41,28,2465.3833333333337,3,4,13,2.680486,1,15
41,28,2465.3833333333337,3,5,11,-0.348335,1,16
41,28,2465.3833333333337,3,5,12,0.770174,1,17
41,28,2465.3833333333337,3,5,13,2.405397,1,18
41,28,2465.3833333333337,3,6,11,-0.449866,1,19
41,28,2465.3833333333337,3,6,12,-0.845930,1,20
41,28,2465.3833333333337,3,6,13,0.233822,1,21
41,28,2465.3833333333337,3,7,11,1.471233,1,22
41,28,2465.3833333333337,3,7,12,-0.380660,1,23
41,28,2465.3833333333337,3,7,13,-1.152330,1,24
41,28,2465.3833333333337,3,8,11,-1.627882,1,25
41,28,2465.3833333333337,3,8,12,-0.075676,1,26
41,28,2465.3833333333337,3,8,13,2.349092,1,27
41,28,2465.3833333333337,3,9,11,1.012558,1,28
41,28,2465.3833333333337,3,9,12,0.247101,1,29
41,28,2465.3833333333337,3,9,13,0.414359,1,30
41,28,2465.3833333333337,3,10,11,-1.534998,1,31
41,28,2465.3833333333337,3,10,12,-0.233025,1,32
41,28,2465.3833333333337,3,10,13,-0.772655,0,33
41,28,2465.3833333333337,3,0,14,-1.481419,0,147
41,28,2465.3833333333337,3,14,11,-0.072864,1,148
41,28,2465.3833333333337,3,0,15,0.606225,1,36
41,28,2465.3833333333337,3,15,14,0.901941,1,37
41,28,2465.3833333333337,3,10,16,0.500805,1,63
41,28,2465.3833333333337,3,16,13,0.375329,1,64
41,29,2465.3833333333337,3,0,11,-0.859609,0,1
41,29,2465.3833333333337,3,0,12,0.165974,1,2
41,29,2465.3833333333337,3,0,13,-1.518371,1,3
41,29,2465.3833333333337,3,1,11,1.673354,1,4
41,29,2465.3833333333337,3,1,12,-2.291914,1,5
41,29,2465.3833333333337,3,1,13,-0.575705,1,6
41,29,2465.3833333333337,3,2,11,0.457600,1,7
41,29,2465.3833333333337,3,2,12,-0.141379,1,8
41,29,2465.3833333333337,3,2,13,0.489544,1,9
41,29,2465.3833333333337,3,3,11,2.405860,1,10
41,29,2465.3833333333337,3,3,12,-0.198131,1,11
41,29,2465.3833333333337,3,3,13,-0.366905,1,12
41,29,2465.3833333333337,3,4,11,-0.455995,1,13
41,29,2465.3833333333337,3,4,12,-1.951859,1,14
41,29,2465.3833333333337,3,4,13,2.680486,1,15
41,29,2465.3833333333337,3,5,11,0.735401,1,16
41,29,2465.3833333333337,3,5,12,0.491194,1,17
41,29,2465.3833333333337,3,5,13,1.621386,1,18
41,29,2465.3833333333337,3,6,11,-0.437033,1,19
41,29,2465.3833333333337,3,6,12,-0.845930,1,20
41,29,2465.3833333333337,3,6,13,1.223749,1,21
41,29,2465.3833333333337,3,7,11,1.471233,1,22
41,29,2465.3833333333337,3,7,12,-0.380660,1,23
41,29,2465.3833333333337,3,7,13,-1.152330,1,24
41,29,2465.3833333333337,3,8,11,0.354198,1,25
41,29,2465.3833333333337,3,8,12,-0.257422,1,26
41,29,2465.3833333333337,3,8,13,2.349092,1,27
41,29,2465.3833333333337,3,9,11,0.528266,1,28
41,29,2465.3833333333337,3,9,12,0.494998,1,29
41,29,2465.3833333333337,3,9,13,-0.313121,1,30
41,29,2465.3833333333337,3,10,11,-1.694124,1,31
41,29,2465.3833333333337,3,10,12,-0.078513,1,32
41,29,2465.3833333333337,3,10,13,-0.243533,0,33
41,29,2465.3833333333337,3,0,14,-1.535856,0,147
41,29,2465.3833333333337,3,14,11,-0.072864,1,148
41,29,2465.3833333333337,3,0,15,0.606225,1,36
41,29,2465.3833333333337,3,15,14,1.185878,1,37
41,29,2465.3833333333337,3,10,16,1.449078,1,63
41,29,2465.3833333333337,3,16,13,-0.741131,1,64
41,29,2465.3833333333337,3,10,15,-0.595264,1,69
